Fragment,Description,Project,Sequence,Length,Template,Forward Primer,Reverse Primer,Restriction Enzyme(s),Yeast Marker
Fragment_PlantTF_2020_Campaign__4eafddae,dasi designed,YG-Four-inducible-plantTF-circuits,,259,pyMOD-NATMX-TRP1.A.0-pGPD-yeVenus-tCYC1,j5_0439_(pGpd-TPL100-IAA3-tCyc1)_reverse,TCYC1_F,,
Fragment_PlantTF_2020_Campaign__8a44e29a,dasi designed,YG-Four-inducible-plantTF-circuits,,305,pMOD-LTR2-BleoMX-6XZev4-pMinCyc1-ATAF1,Primer_PlantTF_2020_Campaign__c945a6eb,j5_0439_(pGpd-TPL100-IAA3-tCyc1)_reverse,,
Fragment_PlantTF_2020_Campaign__d309e5c0,dasi designed,YG-Four-inducible-plantTF-circuits,,281,pMOD-LTR2-BleoMX-6XZev4-pMinCyc1-ATAF1,j5_0439_(pGpd-TPL100-IAA3-tCyc1)_reverse,tp_F(pMOD),,
Fragment_PlantTF_2020_Campaign__9030f226,dasi designed,YG-Four-inducible-plantTF-circuits,,283,pMOD-LTR2-BleoMX-6XZev4-pMinCyc1-ATAF1,Primer_PlantTF_2020_Campaign__b71f4188,j5_0439_(pGpd-TPL100-IAA3-tCyc1)_reverse,,
Fragment_PlantTF_2020_Campaign__56bdab7c,dasi designed,YG-Four-inducible-plantTF-circuits,,289,pMOD-LTR2-BleoMX-6XZev4-pMinCyc1-ATAF1,j5_0439_(pGpd-TPL100-IAA3-tCyc1)_reverse,Primer_PlantTF_2020_Campaign__29ab61ba,,
Fragment_PlantTF_2020_Campaign__2a7cbca2,dasi designed,YG-Four-inducible-plantTF-circuits,,270,pyMOD-NATMX-TRP1.A.0-pGPD-yeVenus-tCYC1,prkl723 (T7EEV-CYC1_Rev),Primer_PlantTF_2020_Campaign__ccf58534,,
Synthesized_PlantTF_2020_Campaign__aaae8903,dasi designed,YG-Four-inducible-plantTF-circuits,GCTTTAATTTGATGTCGTAATAACCCCGCCCCGAAAACTGTATTATAAGTAAATGCATGTATACTAAACTCACAAATTAGAGCTTCAATTTAATTATATCAGTTATTACCCGGGAATCTCGGTCGTAATGATTTCTATAATGACGAAAAAAAAAAAATTGGAAAGAAAAAGCTTCATGGCCTTTATAAAAAGGAACTATCCAATACCTCGCCAGAACCAAGTAACAGTATTTTACGGGGCACAAATCAAGAACAATAAGACAGGACTGTAAAGATGGACGCATTGAACTCCAAAGAACAACAAGAGTTCCAAAAAGTAGTGGAACAAAAGCAAATGAAGGATTTCATGCGTTTGTACTCTAATCTGGTAGAAAGATGTTTCACAGACTGTGTCAATGACTTCACAACATCAAAGCTAACCAATAAGGAACAAACATGCATCATGAAGTGCTCAGAAAAGTTCTTGAAGCATAGCGAACGTGTAGGGCAGCGTTTCCAAGAACAAAACGCTGCCTTGGGACAAGGCTTGGGCCGGTTTAAACCATGGTCATAGCTGTTTCCTGTGTGAAATTGTTATCCGCTCACAATTCCACACAACATACGAGCCGGAAGCATAAAGTGTAAAGCCTGGGGTGCCTAATGAGTGAGGTAACTCACATTAATTGCGTTGCGCTCACTGCCCGCTTTCCAGTCGGGAAACCTGTCGTGCCAGCTGCATTAATGAATCGGCCAACGCGCGGGGAGAGGCGGTTTGCGTATTGGGCGCTCTTCCGCTTCCTCGCTCACTGACTCGCTGCGCTCGGTCGTTCGGCTGCGGCGAGCGGTATCAGCTCACTCAAAGGCGGTAATACGGTTATCCACAGAATCAGGGGATAACGCAGGAAAGAACATGTGAGCAAAAGGCCAGCAAAAGGCCAGGAACCGTAAAAAGGCCGCGTTGCTGGCGTTTTTCCATAGGCTCCGCCCCCCTGACGAGCATCACAAAAATCGACGCTCAAGTCAGAGGTGGCGAAACCCGACAGGACTATAAAGATACCAGGCGTTCCCCCCTGGAAGCTCCCTCGTGCGCTCTCCTGTTCCGACCCTGCCGCTTACCGGATACCTGTCCGCCTTTCTCCCTTCGGGAAGCGTGGCGCTTTCTCAATGCTCACGCTGTAGGTATCTCAGTTCGGTGTAGGTCGTTCGCTCCAAGCTGGGCTGTGTGCACGAACCCCCCGTTCAGCCCGACCGCTGCGCCTTATCCGGTAACTATCGTCTTGAGTCCAACCCGGTAAGACACGACTTATCGCCACTGGCAGCAGCCACTGGTAACAGGATTAGCAGAGCGAGGTATGTAGGCGGTGCTACAGAGTTCTTGAAGTGGTGGCCTAACTACGGCTACACTAGAAGGACAGTATTTGGTATCTGCGCTCTGCTGAAGCCAGTTACCTTCGGAAAAAGAGTTGGTAGCTCTTGATCCGGCAAACAAACCACCGCTGGTAGCGGTGGTTTTTTTGTTTGCAAGCAGCAGATTACGCGCAGAAAAAAAGGATCTCAAGAAGATCCTTTGATCTTTTCTACGGGGTCTGACGCTCAGTGGAACGAAAACTCACGTTAAGGGATTTTGGTCATGAGATTATCAAAAAGGATCTTCACCTAGATCCTTTTAAATTAAAAATGAAGTTTTAAATCAATCTAAAGTATATATGAGTAAACTTGGTCTGACAGTTACCAATGCTTAATCAGTGAGGCACCTATCTCAGCGATCTGTCTATTTCGTTCATCCATAGTTGCCTGACTGCCCGTCGTGTAGATAACTACGATACGGGAGGGCTTACCATCTGGCCCCAGTGCTGCAATGATACCGCGAGACCCACGCTCA,1860,,,,,
Fragment_PlantTF_2020_Campaign__bd8023eb,dasi designed,YG-Four-inducible-plantTF-circuits,,1136,pyMOD-BLEO-ARS314.A.1-pGPD-yeVenus-tCYC1,PME1 AMP Rev,j5_0447_(pGP6_p32x_UbiVenus)_forward,,
Fragment_PlantTF_2020_Campaign__d0b310a2,dasi designed,YG-Four-inducible-plantTF-circuits,,1317,URA-pp2_5'hom,Primer_PlantTF_2020_Campaign__a644cb82,URA3 For,,
Fragment_PlantTF_2020_Campaign__03bd62cb,dasi designed,YG-Four-inducible-plantTF-circuits,,1317,URA-pp2_5'hom,Primer_PlantTF_2020_Campaign__ce47cb71,URA3 For,,
Fragment_PlantTF_2020_Campaign__23d83be1,dasi designed,YG-Four-inducible-plantTF-circuits,,782,pYTK017,Primer_PlantTF_2020_Campaign__7b6baef0,Primer_PlantTF_2020_Campaign__264b4aeb,,
Fragment_PlantTF_2020_Campaign__5c9538dc,dasi designed,YG-Four-inducible-plantTF-circuits,,1723,Fragment_TetR_671d0a42,Primer_PlantTF_2020_Campaign__e5d4d0d9,Primer_PlantTF_2020_Campaign__01008f02,,
Fragment_PlantTF_2020_Campaign__ede7d5a7,dasi designed,YG-Four-inducible-plantTF-circuits,,1724,Fragment_TetR_671d0a42,Primer_PlantTF_2020_Campaign__aef80f2b,Primer_PlantTF_2020_Campaign__2fd20a38,,
Fragment_PlantTF_2020_Campaign__3d2a2a55,dasi designed,YG-Four-inducible-plantTF-circuits,,1724,Fragment_TetR_671d0a42,Primer_PlantTF_2020_Campaign__d6c3d450,Primer_PlantTF_2020_Campaign__2fd20a38,,
Fragment_PlantTF_2020_Campaign__1be71d34,dasi designed,YG-Four-inducible-plantTF-circuits,,1723,Fragment_TetR_671d0a42,Primer_PlantTF_2020_Campaign__aef80f2b,Primer_PlantTF_2020_Campaign__01008f02,,
Fragment_PlantTF_2020_Campaign__9f01e52f,dasi designed,YG-Four-inducible-plantTF-circuits,,1723,Fragment_TetR_671d0a42,Primer_PlantTF_2020_Campaign__d6c3d450,Primer_PlantTF_2020_Campaign__01008f02,,
Fragment_PlantTF_2020_Campaign__88c9a9ef,dasi designed,YG-Four-inducible-plantTF-circuits,,2412,Fragment_TetR_2d26b989,j5_0309_(T154Sc)_reverse,j5_0436_(pMODkan-HO)_forward,,
Fragment_PlantTF_2020_Campaign__7848c9c1,dasi designed,YG-Four-inducible-plantTF-circuits,,782,pYTK027,Primer_PlantTF_2020_Campaign__b62e091d,Primer_PlantTF_2020_Campaign__d4837379,,
Synthesized_PlantTF_2020_Campaign__78db5686,dasi designed,YG-Four-inducible-plantTF-circuits,TTAATTTGATGTCGTAATAACCCCGCCCCGAAAACTGTATTATAAGTAAATGCATGTATACTAAACTCACAAATTAGAGCTTCAATTTAATTATATCAGTTATTACCCGGGAATCTCGGTCGTAATGATTTCTATAATGACGAAAAAAAAAAAATTGGAAAGAAAAAGCTTCATGGCCTTTATAAAAAGGAACTATCCAATACCTCGCCAGAACCAAGTAACAGTATTTTACGGGGCACAAATCAAGAACAATAAGACAGGACTGTAAAGATGGACGCATTGAACTCCAAAGAACAACAAGAGTTCCAAAAAGTAGTGGAACAAAAGCAAATGAAGGATTTCATGCGTTTGTACTCTAATCTGGTAGAAAGATGTTTCACAGACTGTGTCAATGACTTCACAACATCAAAGCTAACCAATAAGGAACAAACATGCATCATGAAGTGCTCAGAAAAGTTCTTGAAGCATAGCGAACGTGTAGGGCAGCGTTTCCAAGAACAAAACGCTGCCTTGGGACAAGGCTTGGGCCGGTTTAAACCATGGTCATAGCTGTTTCCTGTGTGAAATTGTTATCCGCTCACAATTCCACACAACATACGAGCCGGAAGCATAAAGTGTAAAGCCTGGGGTGCCTAATGAGTGAGGTAACTCACATTAATTGCGTTGCGCTCACTGCCCGCTTTCCAGTCGGGAAACCTGTCGTGCCAGCTGCATTAATGAATCGGCCAACGCGCGGGGAGAGGCGGTTTGCGTATTGGGCGCTCTTCCGCTTCCTCGCTCACTGACTCGCTGCGCTCGGTCGTTCGGCTGCGGCGAGCGGTATCAGCTCACTCAAAGGCGGTAATACGGTTATCCACAGAATCAGGGGATAACGCAGGAAAGAACATGTGAGCAAAAGGCCAGCAAAAGGCCAGGAACCGTAAAAAGGCCGCGTTGCTGGCGTTTTTCCATAGGCTCCGCCCCCCTGACGAGCATCACAAAAATCGACGCTCAAGTCAGAGGTGGCGAAACCCGACAGGACTATAAAGATACCAGGCGTTCCCCCCTGGAAGCTCCCTCGTGCGCTCTCCTGTTCCGACCCTGCCGCTTACCGGATACCTGTCCGCCTTTCTCCCTTCGGGAAGCGTGGCGCTTTCTCAATGCTCACGCTGTAGGTATCTCAGTTCGGTGTAGGTCGTTCGCTCCAAGCTGGGCTGTGTGCACGAACCCCCCGTTCAGCCCGACCGCTGCGCCTTATCCGGTAACTATCGTCTTGAGTCCAACCCGGTAAGACACGACTTATCGCCACTGGCAGCAGCCACTGGTAACAGGATTAGCAGAGCGAGGTATGTAGGCGGTGCTACAGAGTTCTTGAAGTGGTGGCCTAACTACGGCTACACTAGAAGGACAGTATTTGGTATCTGCGCTCTGCTGAAGCCAGTTACCTTCGGAAAAAGAGTTGGTAGCTCTTGATCCGGCAAACAAACCACCGCTGGTAGCGGTGGTTTTTTTGTTTGCAAGCAGCAGATTACGCGCAGAAAAAAAGGATCTCAAGAAGATCCTTTGATCTTTTCTACGGGGTCTGACGCTCAGTGGAACGAAAACTCACGTTAAGGGATTTTGGTCATGAGATTATCAAAAAGGATCTTCACCTAGATCCTTTTAAATTAAAAATGAAGTTTTAAATCAATCTAAAGTATATATGAGTAAACTTGGTCTGACAGTTACCAATGCTTAATCAGTGAGGCACCTATCTCAGCGATCTGTCTATTTCGTTCATCCATAGTTGCCTGACTGCCCGTCGTGTAGATAACTACGATACGGGAGGGCTTACCATCTGGCCCCAGTGCTGCAATGATACCGCGAGACCCACGCTCACCG,1860,,,,,
