Primer,Description,Project,Overhang Sequence,Anneal Sequence,T Anneal
Primer_PlantTF_2020_Campaign__778bba81,dasi designed,YG-Four-inducible-plantTF-circuits,,AGGATCGTACCGAGCTCGA,57.85
Primer_PlantTF_2020_Campaign__806a2d63,dasi designed,YG-Four-inducible-plantTF-circuits,AAAAGCGGCAGTAATCTTTCGGTCTACGCAACTGACTAGCTAACTATCGTTTCGACTGGGCCAAGTAATCGGCCGACTTACGCAACTAGGTGTCAGTCTATGACACCGTTGTACTGGAAAGTGAAAGTCGAGCTCGGTAC,AAAGTGAAAGTCGAGCTCGGT,57.93
Primer_PlantTF_2020_Campaign__88da738d,dasi designed,YG-Four-inducible-plantTF-circuits,CTACGGGGTCTGACGCTCAGTGGAACGAA,aactcacgttaagggattttggt,56.53
Primer_PlantTF_2020_Campaign__5c3915ba,dasi designed,YG-Four-inducible-plantTF-circuits,,AAATAGGGACCTAGACTTCAGGTTG,57.81
Primer_PlantTF_2020_Campaign__0c3dc94c,dasi designed,YG-Four-inducible-plantTF-circuits,CCCATGGTATGGATGAATTGTACAAATAG,ATTAGTTATGTCACGCTTACATTCACG,58.25
Primer_PlantTF_2020_Campaign__10307201,dasi designed,YG-Four-inducible-plantTF-circuits,AAAGAAGAAAACAAGAGTTTTATATACATACAGAGCACA,TGCATGCCATAGGATCGTACC,58.0
Primer_PlantTF_2020_Campaign__6b9f69a7,dasi designed,YG-Four-inducible-plantTF-circuits,TAATTTGTGATACCGTCGACCTCGAGTCA,TGATACCGTCGACCTCGA,55.06
Primer_PlantTF_2020_Campaign__67a9d65b,dasi designed,YG-Four-inducible-plantTF-circuits,GGCGTGAATGTA,AGCGTGACATAACTAATTGACTCG,57.2
Primer_PlantTF_2020_Campaign__c43af487,dasi designed,YG-Four-inducible-plantTF-circuits,,CTATTTGTACAATTCATCCATACCA,53.2
Primer_PlantTF_2020_Campaign__bc43a93f,dasi designed,YG-Four-inducible-plantTF-circuits,GAATGTAAGCGTGACATAACTAAT,CTATTTGTACAATTCATCCATACCA,53.2
Primer_PlantTF_2020_Campaign__f128ce15,dasi designed,YG-Four-inducible-plantTF-circuits,GATTCGGATTCTAGAACTAGTGGATCTACAAAGCCACC,ATGTCTAAAGGTGAAGAATTATTCA,52.5
Primer_PlantTF_2020_Campaign__94c9ed89,dasi designed,YG-Four-inducible-plantTF-circuits,GTGAATGTAAGCGTGACATAACTAAT,CTATTTGTACAATTCATCCATACCA,53.2
Primer_PlantTF_2020_Campaign__08277415,dasi designed,YG-Four-inducible-plantTF-circuits,GTGTCCCTTAACCAGATTCGAAAAGCGGCCCTTAACCAGATTCGAAAAGCGGCTGCCGTGTCCTTCCCGCTGCCATTCTTCCAGACGGGGCTTCGGTCAGGTGCGCCGTGACTTCCCCGTCGCGGTCTATGAGCCTCGGGTTGGTAAAAACTTAAAGTGAAAGTCGAGCTCGGTA,Caaagtgaaagtcgagctcgg,57.54
Primer_PlantTF_2020_Campaign__6f9aea7d,dasi designed,YG-Four-inducible-plantTF-circuits,AAAAGCGGCAGTAATCTTTCGGTCTACGCAACTGACTAGCTAACTATCGTTTCGACTGGGCCAAGTAATCGGCCGACTTACGCAACTAGGTGTCAGTCTATGACACCGTTGTACTGGAAAGTGAAAGTCGAGCTCGGTA,Caaagtgaaagtcgagctcgg,57.54
Primer_PlantTF_2020_Campaign__e22f9a4c,dasi designed,YG-Four-inducible-plantTF-circuits,GTGTCCCTTAACCAGATTCGAAAAGCGGCCCTTAACCAGATTCGAAAAGCGGCAAAGAGACGTATGCTTGGTATACCCCAACGGGGGCCATATAAGAGAGACGTGTGCTTGTTTGGTCGGGTATCCACCCCATGAAGAAAGTGAAAGTCGAGCTCGGTA,Caaagtgaaagtcgagctcgg,57.54
Primer_PlantTF_2020_Campaign__ec4c95b9,dasi designed,YG-Four-inducible-plantTF-circuits,GTGTCCCTTAACCAGATTCGAAAAGCGGCCCTTAACCAGATTCGAAAAGCGGCGCACGGTTCCCAATGTATAATGGCGCCAAGGCGCCGTTGAAGGACAGTGCACGGATCCCAAGGTGCACGGGCATGGGCCTTACTAGGCGTCAACATCAAAGTGAAAGTCGAGCTCGGTA,Caaagtgaaagtcgagctcgg,57.54
Primer_PlantTF_2020_Campaign__d3391c25,dasi designed,YG-Four-inducible-plantTF-circuits,,Caaagtgaaagtcgagctcgg,57.54
Primer_PlantTF_2020_Campaign__1c9f15b3,dasi designed,YG-Four-inducible-plantTF-circuits,,tcggtcgttcggctgc,57.72
Primer_PlantTF_2020_Campaign__6bbb9997,dasi designed,YG-Four-inducible-plantTF-circuits,GCTTTGTTTCACTCGTGCCCAGGATAATT,gtttaaaccatggtcatagctgt,55.1
Primer_PlantTF_2020_Campaign__7a6df5c0,dasi designed,YG-Four-inducible-plantTF-circuits,,gtttaaaccatggtcatagctgt,55.1
Primer_PlantTF_2020_Campaign__d69af792,dasi designed,YG-Four-inducible-plantTF-circuits,,AAAGTGAAAGTCGAGCTCGGT,57.93
Primer_PlantTF_2020_Campaign__8528a69d,dasi designed,YG-Four-inducible-plantTF-circuits,,aattatcctgggcacgagtga,57.16
Primer_PlantTF_2020_Campaign__d046910b,dasi designed,YG-Four-inducible-plantTF-circuits,CGTAGACCGAAAGATTACTGCCGCTTTTCGAATCTGGTTAAG,ggccgcttttcgaatctggt,59.31
Primer_PlantTF_2020_Campaign__0f718adf,dasi designed,YG-Four-inducible-plantTF-circuits,,ttaaaacttcatttttaatttaaaaggatctagg,55.54
Primer_PlantTF_2020_Campaign__7032c941,dasi designed,YG-Four-inducible-plantTF-circuits,,ttcgttccactgagcgtca,57.26
Primer_PlantTF_2020_Campaign__b656c795,dasi designed,YG-Four-inducible-plantTF-circuits,CAGGAAACAGCTATGACCATGGTTTAAAC,aattatcctgggcacgagtga,57.16
Primer_PlantTF_2020_Campaign__fc819b15,dasi designed,YG-Four-inducible-plantTF-circuits,TAATTTG,atgtcgtaataaccccgccc,57.89
Primer_PlantTF_2020_Campaign__f7ee55fa,dasi designed,YG-Four-inducible-plantTF-circuits,TGGCGAACTACTTACTCTAGCTTCCCGGC,aacaattaatagactggatggaggc,56.94
Primer_PlantTF_2020_Campaign__86a95271,dasi designed,YG-Four-inducible-plantTF-circuits,ATTTCACACAGGAAACAGCTATGACCATG,GTTTAAACTGGAGCCATAATGACA,55.49
Primer_PlantTF_2020_Campaign__338d023d,dasi designed,YG-Four-inducible-plantTF-circuits,CTCCTAGCGCTCACCAAGCTCTTAAAACG,GTTTAAACTATGGTGCACTCTCAGT,57.3
Primer_PlantTF_2020_Campaign__ef813df2,dasi designed,YG-Four-inducible-plantTF-circuits,CCATTTCTGATACCGTCGACCTCGAGTCA,TGATACCGTCGACCTCGA,55.06
Primer_PlantTF_2020_Campaign__e5752aad,dasi designed,YG-Four-inducible-plantTF-circuits,CAGCGCGGATTCTAGAACTAGTGGATCTACAAAGCCACCATG,AGCAGGGCTGACCCCAA,58.52
Primer_PlantTF_2020_Campaign__d241933f,dasi designed,YG-Four-inducible-plantTF-circuits,ACAGGGCAAGCATATGGGCGGGTACCCAT,AAACAGAGATGTGTCGAAGATGGA,58.02
Primer_PlantTF_2020_Campaign__4c68bcf9,dasi designed,YG-Four-inducible-plantTF-circuits,TTTATGACTTTGCTCTTGTCCAGTCTAG,AAAACAGAGATGTGTCGAAGATGG,57.31
Primer_PlantTF_2020_Campaign__be8738bd,dasi designed,YG-Four-inducible-plantTF-circuits,ACAAACGGATTCTAGAACTAGTGGATCTACAAAGCCACCATG,AGCAGGGCTGACCCCAA,58.52
Primer_PlantTF_2020_Campaign__736145c9,dasi designed,YG-Four-inducible-plantTF-circuits,AGATCCACT,agttctagaatccgcgctgg,57.9
Primer_PlantTF_2020_Campaign__5c346ae9,dasi designed,YG-Four-inducible-plantTF-circuits,AGATCCACT,agttctagaatccgtttgtttgt,54.4
Primer_PlantTF_2020_Campaign__1e2c4cdf,dasi designed,YG-Four-inducible-plantTF-circuits,AGATCCACT,agttctagaatccgtttgttttt,52.76
Primer_PlantTF_2020_Campaign__e42ce7c0,dasi designed,YG-Four-inducible-plantTF-circuits,CCATTTCTGATACCGTCGACCTCGAGTCA,TGATACCGTCGACCTCGAGT,58.11
Primer_PlantTF_2020_Campaign__da2d2bb7,dasi designed,YG-Four-inducible-plantTF-circuits,ATCCTTTTAAATTAAAAATGAAGTTTTAA,ATCAATCTAAAGTATATATGAGTAAACTTGGT,55.68
Primer_PlantTF_2020_Campaign__f013892e,dasi designed,YG-Four-inducible-plantTF-circuits,GCTCGAAGGCTTTAATTTGTGATACCGTCGACCTCGAGTCA,TGATACCGTCGACCTCGAGT,58.11
Primer_PlantTF_2020_Campaign__306e5baf,dasi designed,YG-Four-inducible-plantTF-circuits,TAATTTGTGATACCGTCGACCTCGAGTCA,TGATACCGTCGACCTCGAGT,58.11
Primer_PlantTF_2020_Campaign__3cb3cb0b,dasi designed,YG-Four-inducible-plantTF-circuits,ACGGTATCA,caaattaaagccttcgagcgtc,56.58
